Project_name,github_path
Atlasdb,examples/profile-client/src/main/java/com/palantir/example/profile/schema/generated/UserPhotosStreamHashAidxTable.java
Atlasdb,timelock-server-benchmark-client/src/main/java/com/palantir/atlasdb/timelock/benchmarks/schema/generated/KvDynamicColumnsTable.java
Atlasdb,timelock-server-benchmark-client/src/main/java/com/palantir/atlasdb/timelock/benchmarks/schema/generated/KvRowsTable.java
Atlasdb,atlasdb-impl-shared/src/main/java/com/palantir/atlasdb/transaction/impl/SnapshotTransaction.java
Atlasdb,timelock-server-benchmark-client/src/main/java/com/palantir/atlasdb/timelock/benchmarks/schema/generated/MetadataTable.java
Atlasdb,atlasdb-dbkvs/src/main/java/com/palantir/atlasdb/keyvalue/dbkvs/impl/DbKvs.java
Atlasdb,atlasdb-service/src/main/java/com/palantir/atlasdb/proto/fork/ForkedJsonFormat.java
Atlasdb,atlasdb-client/src/main/java/com/palantir/atlasdb/schema/generated/SweepableCellsTable.java
Atlasdb,atlasdb-client/src/main/java/com/palantir/atlasdb/schema/generated/SweepIdToNameTable.java
Atlasdb,atlasdb-client/src/main/java/com/palantir/atlasdb/schema/generated/SweepableTimestampsTable.java
Autopsy,Core/src/org/sleuthkit/autopsy/modules/filetypeid/FileTypeDetector.java
Autopsy,Core/src/org/sleuthkit/autopsy/datamodel/FileTypesByMimeType.java
Autopsy,Core/src/org/sleuthkit/autopsy/geolocation/GeolocationSettingsPanel.java
Autopsy,Core/src/org/sleuthkit/autopsy/texttranslation/translators/BingTranslatorSettingsPanel.java
Autopsy,KeywordSearch/src/org/sleuthkit/autopsy/keywordsearch/DropdownSingleTermSearchPanel.java
Autopsy,Core/src/org/sleuthkit/autopsy/centralrepository/eventlisteners/CaseEventListener.java
Autopsy,Core/src/org/sleuthkit/autopsy/datamodel/DeletedContent.java
Autopsy,Experimental/src/org/sleuthkit/autopsy/experimental/autoingest/FileExporter.java
Autopsy,Core/src/org/sleuthkit/autopsy/core/Installer.java
Autopsy,Core/src/org/sleuthkit/autopsy/report/modules/html/HTMLReport.java
Autopsy,Experimental/src/org/sleuthkit/autopsy/experimental/autoingest/AutoIngestAdminActions.java
Autopsy,Core/src/org/sleuthkit/autopsy/timeline/TimeLineController.java
Autopsy,Core/src/org/sleuthkit/autopsy/directorytree/ExternalViewerGlobalSettingsPanel.java
Autopsy,Experimental/src/org/sleuthkit/autopsy/experimental/configuration/SharedConfiguration.java
Autopsy,Core/src/org/sleuthkit/autopsy/coreutils/PlatformUtil.java
Autopsy,Core/src/org/sleuthkit/autopsy/modules/hashdatabase/HashDbManager.java
Autopsy,Core/src/org/sleuthkit/autopsy/corecomponents/AutopsyOptionsPanel.java
Autopsy,Core/src/org/sleuthkit/autopsy/core/ServicesMonitor.java
Autopsy,Core/src/org/sleuthkit/autopsy/casemodule/LocalDiskPanel.java
Autopsy,Core/src/org/sleuthkit/autopsy/corecomponents/DataResultTopComponent.java
Autopsy,thirdparty/jdiff/v-custom/src/jdiff/Diff.java
Autopsy,Core/src/org/sleuthkit/autopsy/datamodel/FileTypesByExtension.java
Autopsy,RecentActivity/src/org/sleuthkit/autopsy/recentactivity/Firefox.java
Autopsy,thirdparty/jdiff/v-custom/src/jdiff/APIComparator.java
Autopsy,KeywordSearch/src/org/sleuthkit/autopsy/keywordsearch/DropdownListSearchPanel.java
Autopsy,Core/src/org/sleuthkit/autopsy/corecomponents/DataResultPanel.java
Autopsy,Core/src/org/sleuthkit/autopsy/directorytree/DirectoryTreeTopComponent.java
Autopsy,Core/src/org/sleuthkit/autopsy/modules/filetypeid/AddFileTypeSignaturePanel.java
Autopsy,Experimental/src/org/sleuthkit/autopsy/experimental/autoingest/AutoIngestManager.java
Autopsy,Core/src/org/sleuthkit/autopsy/casemodule/SingleUserCaseConverter.java
Autopsy,Core/src/org/sleuthkit/autopsy/logicalimager/configuration/ConfigVisualPanel2.java
Autopsy,Core/src/org/sleuthkit/autopsy/geolocation/MapPanel.java
Autopsy,thirdparty/jdiff/v-custom/src/jdiff/Options.java
Autopsy,Core/src/org/sleuthkit/autopsy/modules/hashdatabase/HashLookupSettings.java
Autopsy,RecentActivity/src/org/sleuthkit/autopsy/recentactivity/ExtractPrefetch.java
Autopsy,Core/src/org/sleuthkit/autopsy/modules/filetypeid/AddFileTypePanel.java
Autopsy,Core/src/org/sleuthkit/autopsy/corecomponents/ViewPreferencesPanel.java
Autopsy,Core/src/org/sleuthkit/autopsy/ingest/IngestManager.java
Autopsy,thirdparty/jdiff/v-custom/src/jdiff/Comments.java
Autopsy,Experimental/src/org/sleuthkit/autopsy/experimental/autoingest/AutoIngestMonitor.java
Autopsy,Core/src/org/sleuthkit/autopsy/centralrepository/optionspanel/GlobalSettingsPanel.java
Autopsy,Core/src/org/sleuthkit/autopsy/centralrepository/contentviewer/OccurrencePanel.java
Autopsy,ImageGallery/src/org/sleuthkit/autopsy/imagegallery/gui/Toolbar.java
Autopsy,thunderbirdparser/src/org/sleuthkit/autopsy/thunderbirdparser/VcardParser.java
Autopsy,Core/src/org/sleuthkit/autopsy/timeline/ui/detailview/EventNodeBase.java
Autopsy,Core/src/org/sleuthkit/autopsy/textextractors/StringsTextExtractor.java
Autopsy,Core/src/org/sleuthkit/autopsy/casemodule/Case.java
Autopsy,Core/src/org/sleuthkit/autopsy/communications/FiltersPanel.java
Autopsy,Core/src/org/sleuthkit/autopsy/communications/VisualizationPanel.java
Autopsy,Core/src/org/sleuthkit/autopsy/allcasessearch/AllCasesSearchDialog.java
Autopsy,Core/src/org/sleuthkit/autopsy/report/modules/portablecase/PortableCaseReportModule.java
Autopsy,Core/src/org/sleuthkit/autopsy/modules/interestingitems/FilesSetDefsPanel.java
Autopsy,Core/src/org/sleuthkit/autopsy/ingest/IngestJobSettings.java
Autopsy,Core/src/org/sleuthkit/autopsy/commonpropertiessearch/InterCasePanel.java
Autopsy,Core/src/org/sleuthkit/autopsy/casemodule/IngestJobInfoPanel.java
Autopsy,RecentActivity/src/org/sleuthkit/autopsy/recentactivity/ExtractSru.java
Autopsy,Core/src/org/sleuthkit/autopsy/modules/dataSourceIntegrity/DataSourceIntegrityIngestModule.java
Autopsy,RecentActivity/src/org/sleuthkit/autopsy/recentactivity/SearchEngineURLQueryAnalyzer.java
Autopsy,Core/src/org/sleuthkit/autopsy/core/UserPreferences.java
Autopsy,thunderbirdparser/src/org/sleuthkit/autopsy/thunderbirdparser/PstParser.java
Autopsy,Core/src/org/sleuthkit/autopsy/modules/embeddedfileextractor/SevenZipExtractor.java
Autopsy,Core/src/org/sleuthkit/autopsy/timeline/ui/detailview/DetailsChartLane.java
Autopsy,Core/src/org/sleuthkit/autopsy/filesearch/DateSearchPanel.java
Autopsy,KeywordSearch/src/org/sleuthkit/autopsy/keywordsearch/KeywordSearchGlobalSearchSettingsPanel.java
Autopsy,KeywordSearch/src/org/sleuthkit/autopsy/keywordsearch/Ingester.java
Autopsy,KeywordSearch/src/org/sleuthkit/autopsy/keywordsearch/KeywordSearchIngestModule.java
Autopsy,Core/src/org/sleuthkit/autopsy/timeline/ui/detailview/DetailViewPane.java
Bazel,src/main/java/com/google/devtools/build/lib/analysis/config/BuildOptions.java
Bazel,src/main/java/com/google/devtools/build/lib/rules/python/PyCommon.java
Bazel,src/main/java/com/google/devtools/build/lib/skyframe/SkyframeExecutor.java
Bazel,src/main/java/com/google/devtools/build/lib/bazel/repository/starlark/StarlarkRepositoryContext.java
Bazel,src/main/java/com/google/devtools/common/options/OptionsParser.java
Bazel,src/main/java/com/google/devtools/build/lib/vfs/FileSystemUtils.java
Bazel,src/main/java/com/google/devtools/build/lib/runtime/BuildEventStreamer.java
Bazel,src/main/java/com/google/devtools/build/lib/analysis/constraints/RuleContextConstraintSemantics.java
Bazel,src/main/java/com/google/devtools/build/lib/rules/android/AndroidConfiguration.java
Bazel,src/main/java/com/google/devtools/build/lib/vfs/inmemoryfs/InMemoryFileSystem.java
Bazel,third_party/java/proguard/proguard5.3.3/src/proguard/classfile/util/SimplifiedVisitor.java
Bazel,src/main/java/com/google/devtools/build/lib/runtime/UiStateTracker.java
Bazel,src/main/java/com/google/devtools/build/lib/buildeventservice/BuildEventServiceModule.java
Bazel,src/main/java/com/google/devtools/build/lib/rules/android/AndroidBinary.java
Bazel,src/main/java/com/google/devtools/build/lib/rules/cpp/CppLinkActionBuilder.java
Bazel,src/main/java/com/google/devtools/build/lib/rules/objc/J2ObjcAspect.java
Bazel,src/main/java/com/google/devtools/build/skyframe/SkyFunctionEnvironment.java
Bazel,src/main/java/com/google/devtools/build/lib/runtime/BlazeCommandDispatcher.java
Bazel,src/main/java/com/google/devtools/build/lib/runtime/CommandEnvironment.java
Bazel,third_party/java/proguard/proguard5.3.3/src/proguard/shrink/UsageMarker.java
Bazel,third_party/java/proguard/proguard5.3.3/src/proguard/optimize/evaluation/EvaluationSimplifier.java
Bazel,src/main/java/com/google/devtools/build/lib/skyframe/AspectFunction.java
Bazel,src/main/java/com/google/devtools/build/lib/rules/cpp/CcModule.java
Bazel,src/main/java/com/google/devtools/build/lib/skyframe/SkyframeBuildView.java
Bazel,src/main/java/com/google/devtools/build/lib/rules/objc/CompilationSupport.java
Bazel,third_party/java/proguard/proguard5.3.3/src/proguard/evaluation/value/IntegerValue.java
Bazel,src/main/java/com/google/devtools/build/lib/query2/SkyQueryEnvironment.java
Bazel,third_party/java/proguard/proguard5.3.3/src/proguard/optimize/evaluation/EvaluationShrinker.java
Bazel,third_party/java/proguard/proguard5.3.3/src/proguard/gradle/ProGuardTask.java
Bazel,src/main/java/com/google/devtools/build/lib/rules/cpp/CppCompileAction.java
Bazel,src/main/java/com/google/devtools/build/skyframe/AbstractParallelEvaluator.java
Bazel,src/main/java/com/google/devtools/build/lib/skyframe/ActionRewindStrategy.java
Bazel,src/tools/android/java/com/google/devtools/build/android/desugar/LambdaDesugaring.java
Bazel,src/main/java/com/google/devtools/build/lib/skyframe/RecursiveFilesystemTraversalFunction.java
Bazel,src/main/java/com/google/devtools/build/lib/skyframe/BzlLoadFunction.java
Bazel,src/main/java/com/google/devtools/build/lib/rules/cpp/CppHelper.java
Bazel,third_party/java/proguard/proguard5.3.3/src/proguard/classfile/visitor/ClassPrinter.java
Bazel,src/main/java/com/google/devtools/common/options/InvocationPolicyEnforcer.java
Bazel,src/main/java/com/google/devtools/build/lib/collect/compacthashmap/CompactHashMap.java
Bazel,src/main/java/com/google/devtools/build/lib/rules/cpp/CcLibrary.java
Bazel,third_party/java/proguard/proguard5.3.3/src/proguard/classfile/util/ClassUtil.java
Bazel,src/main/java/com/google/devtools/build/lib/analysis/config/BuildConfiguration.java
Bazel,src/tools/android/java/com/google/devtools/build/android/desugar/DefaultMethodClassFixer.java
Bazel,src/main/java/com/google/devtools/build/lib/profiler/Profiler.java
Bisq,desktop/src/main/java/bisq/desktop/main/portfolio/closedtrades/ClosedTradesView.java
Bisq,desktop/src/main/java/bisq/desktop/main/dao/governance/ProposalDisplay.java
Bisq,desktop/src/main/java/bisq/desktop/main/settings/network/NetworkSettingsView.java
Bisq,core/src/main/java/bisq/core/btc/wallet/BsqWalletService.java
Bisq,desktop/src/main/java/bisq/desktop/main/dao/governance/proposals/ProposalsView.java
Bisq,desktop/src/main/java/bisq/desktop/util/GUIUtil.java
Bisq,core/src/main/java/bisq/core/account/sign/SignedWitnessService.java
Bisq,desktop/src/main/java/bisq/desktop/main/dao/wallet/tx/BsqTxView.java
Bisq,p2p/src/main/java/bisq/network/p2p/peers/PeerManager.java
Bisq,core/src/main/java/bisq/core/trade/TradeManager.java
Bisq,desktop/src/main/java/bisq/desktop/main/support/dispute/DisputeView.java
Bisq,desktop/src/main/java/bisq/desktop/main/dao/burnbsq/proofofburn/ProofOfBurnView.java
Bisq,desktop/src/main/java/bisq/desktop/main/offer/offerbook/OfferBookViewModel.java
Bisq,desktop/src/main/java/bisq/desktop/main/funds/withdrawal/WithdrawalView.java
BoofCV,main/boofcv-recognition/src/main/java/boofcv/alg/fiducial/qrcode/QrCode.java
BoofCV,main/boofcv-ip/src/main/java/boofcv/alg/filter/convolve/noborder/ConvolveImageUnrolled_SB_F64_F64.java
BoofCV,main/boofcv-feature/src/main/java/boofcv/alg/feature/detect/intensity/impl/ImplFastCorner10_F32.java
BoofCV,main/boofcv-feature/src/main/java/boofcv/alg/feature/detect/intensity/impl/ImplFastCorner11_U8.java
BoofCV,main/boofcv-ip/src/main/java/boofcv/alg/filter/binary/GThresholdImageOps.java
BoofCV,main/boofcv-feature/src/main/java/boofcv/alg/feature/detect/intensity/impl/ImplFastCorner12_U8.java
BoofCV,main/boofcv-ip/src/main/java/boofcv/alg/transform/fft/GeneralPurposeFFT_F64_1D.java
BoofCV,main/boofcv-ip/src/main/java/boofcv/core/image/ConvertImage.java
BoofCV,main/boofcv-ip/src/main/java/boofcv/alg/misc/impl/ImplImageMiscOps.java
BoofCV,integration/boofcv-android/src/main/java/boofcv/android/ImplConvertBitmap.java
BoofCV,main/boofcv-ip/src/main/java/boofcv/alg/filter/convolve/down/ConvolveDownNoBorderUnrolled_F32_F32.java
BoofCV,main/boofcv-io/src/main/java/boofcv/io/UtilIO.java
BoofCV,demonstrations/src/main/java/boofcv/demonstrations/calibration/DetectCalibrationChessboardXCornerApp.java
BoofCV,main/boofcv-ip/src/main/java/boofcv/alg/misc/ImageStatistics.java
BoofCV,main/boofcv-feature/src/main/java/boofcv/alg/feature/detect/intensity/impl/ImplFastCorner12_F32.java
BoofCV,main/boofcv-ip/src/main/java/boofcv/alg/filter/convolve/normalized/ConvolveNormalized_JustBorder_IL.java
BoofCV,main/boofcv-ip/src/main/java/boofcv/alg/filter/convolve/noborder/ConvolveImageStandard_SB.java
BoofCV,main/boofcv-ip/src/generate/java/boofcv/alg/misc/impl/GenerateImplImageMiscOps.java
BoofCV,main/boofcv-ip/src/main/java/boofcv/alg/filter/convolve/noborder/ConvolveImageUnrolled_SB_S32_S32_Div.java
BoofCV,main/boofcv-ip/src/generate/java/boofcv/alg/misc/GenerateImageMiscOps.java
BoofCV,main/boofcv-ip/src/generate/java/boofcv/alg/misc/GenerateGPixelMath.java
BoofCV,main/boofcv-ip/src/main/java/boofcv/alg/filter/convolve/down/ConvolveDownNoBorderUnrolled_U8_I16.java
BoofCV,main/boofcv-ip/src/main/java/boofcv/alg/enhance/impl/ImplEnhanceHistogram.java
BoofCV,main/boofcv-ip/src/main/java/boofcv/alg/transform/census/impl/ImplCensusTransformInner.java
Caffeine,caffeine/src/jmh/java/com/github/benmanes/caffeine/cache/impl/ConcurrentHashMapV7.java
Crate,server/src/main/java/org/elasticsearch/snapshots/RestoreService.java
Crate,server/src/main/java/org/elasticsearch/indices/recovery/RecoveryState.java
Crate,server/src/main/java/org/elasticsearch/index/store/Store.java
Crate,libs/sql-parser/src/main/java/io/crate/sql/SqlFormatter.java
Crate,server/src/main/java/org/elasticsearch/index/engine/InternalEngine.java
Crate,server/src/main/java/io/crate/execution/engine/pipeline/ProjectionToProjectorVisitor.java
Crate,server/src/main/java/org/elasticsearch/common/geo/builders/PolygonBuilder.java
Crate,libs/sql-parser/src/main/java/io/crate/sql/parser/AstBuilder.java
Crate,libs/guice/src/main/java/org/elasticsearch/common/inject/InjectorImpl.java
Crate,server/src/main/java/org/elasticsearch/common/time/DateFormatters.java
Crate,server/src/main/java/org/elasticsearch/index/IndexSettings.java
Crate,server/src/main/java/org/elasticsearch/common/io/stream/StreamOutput.java
Crate,server/src/main/java/org/elasticsearch/cluster/routing/allocation/allocator/BalancedShardsAllocator.java
Crate,server/src/main/java/org/elasticsearch/transport/TcpTransport.java
Crate,server/src/main/java/org/elasticsearch/snapshots/SnapshotsService.java
Crate,server/src/main/java/org/elasticsearch/env/NodeEnvironment.java
Crate,server/src/main/java/org/elasticsearch/transport/TransportService.java
Dataverse,src/main/java/edu/harvard/iq/dataverse/DatasetServiceBean.java
Dataverse,src/main/java/edu/harvard/iq/dataverse/metrics/MetricsServiceBean.java
Dataverse,src/main/java/edu/harvard/iq/dataverse/settings/SettingsServiceBean.java
Dataverse,src/main/java/edu/harvard/iq/dataverse/DatasetField.java
Dataverse,src/main/java/edu/harvard/iq/dataverse/DataverseServiceBean.java
Dataverse,src/main/java/edu/harvard/iq/dataverse/api/Datasets.java
Dataverse,src/main/java/edu/harvard/iq/dataverse/api/Files.java
Dataverse,src/main/java/edu/harvard/iq/dataverse/api/Admin.java
Dataverse,src/main/java/edu/harvard/iq/dataverse/FilePage.java
Dataverse,src/main/java/edu/harvard/iq/dataverse/export/DDIExportServiceBean.java
Dataverse,src/main/java/edu/harvard/iq/dataverse/DOIDataCiteRegisterService.java
Dataverse,src/main/java/edu/harvard/iq/dataverse/util/SystemConfig.java
Dataverse,src/main/java/edu/harvard/iq/dataverse/api/Metrics.java
Dataverse,src/main/java/edu/harvard/iq/dataverse/PermissionServiceBean.java
Dataverse,src/main/java/edu/harvard/iq/dataverse/dataaccess/S3AccessIO.java
Dataverse,src/main/java/edu/harvard/iq/dataverse/ingest/tabulardata/impl/plugins/por/PORFileReader.java
Dataverse,src/main/java/edu/harvard/iq/dataverse/api/Dataverses.java
Dataverse,src/main/java/edu/harvard/iq/dataverse/util/ShapefileHandler.java
Dataverse,src/main/java/edu/harvard/iq/dataverse/DataCitation.java
Dataverse,src/main/java/edu/harvard/iq/dataverse/api/imports/ImportDDIServiceBean.java
Dbeaver,plugins/org.jkiss.dbeaver.ui.navigator/src/org/jkiss/dbeaver/ui/navigator/NavigatorUtils.java
Dbeaver,plugins/org.jkiss.dbeaver.ext.generic/src/org/jkiss/dbeaver/ext/generic/model/GenericDataSource.java
Dbeaver,plugins/org.jkiss.dbeaver.ui.editors.connection/src/org/jkiss/dbeaver/ui/dialogs/driver/DriverEditDialog.java
Dbeaver,plugins/org.jkiss.dbeaver.model/src/org/jkiss/dbeaver/model/DBUtils.java
Dbeaver,plugins/org.jkiss.dbeaver.ui.editors.sql/src/org/jkiss/dbeaver/ui/editors/sql/SQLEditor.java
Dbeaver,plugins/org.jkiss.dbeaver.ui.navigator/src/org/jkiss/dbeaver/ui/navigator/itemlist/ObjectListControl.java
Dbeaver,plugins/org.jkiss.dbeaver.model.sql/src/org/jkiss/dbeaver/model/sql/completion/SQLCompletionAnalyzer.java
Dbeaver,plugins/org.jkiss.dbeaver.ui.editors.hex/src/org/jkiss/dbeaver/ui/editors/binary/BinaryContent.java
Dbeaver,plugins/org.jkiss.dbeaver.ui.navigator/src/org/jkiss/dbeaver/ui/editors/entity/EntityEditor.java
Dbeaver,plugins/org.jkiss.dbeaver.ext.ui.svg/src/org/jkiss/dbeaver/ext/ui/svg/GraphicsToGraphics2DAdaptor.java
Dbeaver,plugins/org.jkiss.dbeaver.registry/src/org/jkiss/dbeaver/registry/driver/DriverDescriptor.java
Dbeaver,plugins/org.jkiss.dbeaver.ui.editors.sql/src/org/jkiss/dbeaver/ui/editors/sql/execute/SQLQueryJob.java
Dbeaver,plugins/org.jkiss.dbeaver.model/src/org/jkiss/dbeaver/model/impl/jdbc/exec/JDBCCallableStatementImpl.java
Dbeaver,plugins/org.jkiss.dbeaver.ui/src/org/jkiss/dbeaver/ui/UIUtils.java
Dbeaver,plugins/org.jkiss.dbeaver.data.transfer/src/org/jkiss/dbeaver/tools/transfer/database/DatabaseTransferConsumer.java
Dbeaver,plugins/org.jkiss.dbeaver.ui/src/org/jkiss/dbeaver/ui/controls/CSmartCombo.java
Dbeaver,plugins/org.jkiss.dbeaver.ui/src/org/jkiss/dbeaver/ui/properties/PropertyTreeViewer.java
Dbeaver,plugins/org.jkiss.dbeaver.ui/src/org/jkiss/dbeaver/ui/controls/folders/TabbedFolderList.java
Dbeaver,plugins/org.jkiss.dbeaver.ui.navigator/src/org/jkiss/dbeaver/ui/navigator/database/DatabaseNavigatorTree.java
Dbeaver,plugins/org.jkiss.dbeaver.ui.editors.data/src/org/jkiss/dbeaver/ui/controls/resultset/spreadsheet/SpreadsheetPresentation.java
Dbeaver,plugins/org.jkiss.dbeaver.model/src/org/jkiss/dbeaver/model/impl/jdbc/exec/JDBCResultSetImpl.java
Elasticsearch,server/src/main/java/org/elasticsearch/cluster/routing/RoutingNodes.java
Elasticsearch,client/rest-high-level/src/main/java/org/elasticsearch/client/MLRequestConverters.java
Elasticsearch,x-pack/plugin/security/src/main/java/org/elasticsearch/xpack/security/authc/ApiKeyService.java
Elasticsearch,server/src/main/java/org/elasticsearch/indices/recovery/RecoverySourceHandler.java
Elasticsearch,x-pack/plugin/security/src/main/java/org/elasticsearch/xpack/security/audit/logfile/LoggingAuditTrail.java
Elasticsearch,x-pack/plugin/core/src/main/java/org/elasticsearch/xpack/core/security/support/NoOpLogger.java
Elasticsearch,x-pack/plugin/graph/src/main/java/org/elasticsearch/xpack/graph/action/TransportGraphExploreAction.java
Elasticsearch,x-pack/plugin/sql/src/main/java/org/elasticsearch/xpack/sql/planner/QueryTranslator.java
Elasticsearch,server/src/main/java/org/elasticsearch/cluster/metadata/MetaData.java
Elasticsearch,x-pack/plugin/core/src/main/java/org/elasticsearch/xpack/core/ml/job/config/Job.java
Elasticsearch,x-pack/plugin/ml/src/main/java/org/elasticsearch/xpack/ml/MachineLearning.java
Elasticsearch,client/rest-high-level/src/main/java/org/elasticsearch/client/MachineLearningClient.java
Elasticsearch,x-pack/plugin/core/src/main/java/org/elasticsearch/xpack/core/security/authc/support/BCrypt.java
Elasticsearch,x-pack/plugin/sql/src/main/java/org/elasticsearch/xpack/sql/parser/SqlBaseLexer.java
Elasticsearch,server/src/main/java/org/elasticsearch/search/SearchHit.java
Elasticsearch,client/rest-high-level/src/main/java/org/elasticsearch/client/IndicesRequestConverters.java
Elasticsearch,x-pack/plugin/core/src/main/java/org/elasticsearch/license/XPackLicenseState.java
Elasticsearch,server/src/main/java/org/elasticsearch/index/query/QueryStringQueryBuilder.java
Elasticsearch,server/src/main/java/org/elasticsearch/node/Node.java
Elasticsearch,server/src/main/java/org/elasticsearch/index/translog/Translog.java
Elasticsearch,server/src/main/java/org/elasticsearch/index/shard/IndexShard.java
Elasticsearch,x-pack/plugin/ml/src/main/java/org/elasticsearch/xpack/ml/filestructurefinder/TimestampFormatFinder.java
Elasticsearch,server/src/main/java/org/elasticsearch/action/ActionModule.java
Elasticsearch,server/src/main/java/org/elasticsearch/cluster/routing/IndexShardRoutingTable.java
Elasticsearch,x-pack/plugin/security/src/main/java/org/elasticsearch/xpack/security/authc/TokenService.java
Elasticsearch,x-pack/plugin/sql/src/main/java/org/elasticsearch/xpack/sql/optimizer/Optimizer.java
Elasticsearch,server/src/main/java/org/elasticsearch/action/search/SearchPhaseController.java
Elasticsearch,server/src/main/java/org/elasticsearch/action/support/replication/TransportReplicationAction.java
Elasticsearch,modules/lang-painless/src/main/java/org/elasticsearch/painless/antlr/Walker.java
Elasticsearch,server/src/main/java/org/elasticsearch/index/store/Store.java
Elasticsearch,server/src/main/java/org/elasticsearch/index/seqno/ReplicationTracker.java
Elasticsearch,x-pack/plugin/ml/src/main/java/org/elasticsearch/xpack/ml/action/TransportOpenJobAction.java
Elasticsearch,modules/lang-painless/src/main/java/org/elasticsearch/painless/antlr/PainlessParser.java
Elasticsearch,modules/lang-painless/src/main/java/org/elasticsearch/painless/antlr/PainlessLexer.java
Elasticsearch,server/src/main/java/org/elasticsearch/Version.java
Elasticsearch,server/src/main/java/org/elasticsearch/ElasticsearchException.java
Elasticsearch,server/src/main/java/org/elasticsearch/indices/flush/SyncedFlushService.java
Elasticsearch,server/src/main/java/org/elasticsearch/indices/recovery/RecoveryState.java
Elasticsearch,modules/lang-painless/src/main/java/org/elasticsearch/painless/lookup/PainlessLookupBuilder.java
Elasticsearch,server/src/main/java/org/elasticsearch/indices/IndicesService.java
Elasticsearch,server/src/main/java/org/elasticsearch/common/time/DateFormatters.java
Gradle,subprojects/dependency-management/src/main/java/org/gradle/api/internal/artifacts/ivyservice/ivyresolve/parser/IvyXmlModuleDescriptorParser.java
Gradle,subprojects/model-core/src/main/java/org/gradle/internal/instantiation/generator/AbstractClassGenerator.java
Gradle,subprojects/dependency-management/src/main/java/org/gradle/api/internal/artifacts/configurations/DefaultConfiguration.java
Gradle,subprojects/build-init/src/main/java/org/gradle/buildinit/plugins/internal/BuildScriptBuilder.java
Gradle,subprojects/model-core/src/main/java/org/gradle/model/internal/registry/DefaultModelRegistry.java
Gradle,subprojects/core/src/main/java/org/gradle/api/internal/DefaultNamedDomainObjectCollection.java
Gradle,subprojects/tooling-api/src/main/java/org/gradle/tooling/internal/consumer/parameters/BuildProgressListenerAdapter.java
Gradle,subprojects/core/src/main/java/org/gradle/groovy/scripts/internal/GradleResolveVisitor.java
Gradle,subprojects/core/src/main/java/org/gradle/api/internal/project/DefaultProject.java
Grpc-java,okhttp/third_party/okhttp/main/java/io/grpc/okhttp/internal/framed/Hpack.java
Grpc-java,okhttp/src/main/java/io/grpc/okhttp/OkHttpClientTransport.java
Grpc-java,netty/src/main/java/io/grpc/netty/NettyChannelBuilder.java
Grpc-java,api/src/main/java/io/grpc/InternalChannelz.java
Grpc-java,services/src/generated/main/grpc/io/grpc/channelz/v1/ChannelzGrpc.java
Grpc-java,okhttp/src/main/java/io/grpc/okhttp/OkHttpChannelBuilder.java
Grpc-java,core/src/main/java/io/grpc/internal/GrpcUtil.java
Hapi-fhir,hapi-fhir-validation/src/main/java/org/hl7/fhir/common/hapi/validation/support/InMemoryTerminologyServerValidationSupport.java
Hapi-fhir,hapi-fhir-server/src/main/java/ca/uhn/fhir/rest/server/RestfulServer.java
Hapi-fhir,hapi-fhir-server/src/main/java/ca/uhn/fhir/rest/server/interceptor/ResponseHighlighterInterceptor.java
Hapi-fhir,hapi-fhir-cli/hapi-fhir-cli-api/src/main/java/ca/uhn/fhir/cli/ExampleDataUploader.java
Hapi-fhir,hapi-fhir-jpaserver-base/src/main/java/ca/uhn/fhir/jpa/dao/predicate/PredicateBuilderReference.java
Hapi-fhir,hapi-fhir-base/src/main/java/ca/uhn/fhir/util/BundleUtil.java
Hapi-fhir,hapi-fhir-base/src/main/java/ca/uhn/fhir/interceptor/api/Pointcut.java
Hapi-fhir,hapi-fhir-client/src/main/java/ca/uhn/fhir/rest/client/impl/GenericClient.java
Hapi-fhir,hapi-fhir-server/src/main/java/ca/uhn/fhir/rest/server/RestfulServerUtils.java
Hapi-fhir,hapi-fhir-base/src/main/java/ca/uhn/fhir/model/primitive/BaseDateTimeDt.java
Hapi-fhir,hapi-fhir-base/src/main/java/ca/uhn/fhir/parser/XmlParser.java
Hapi-fhir,hapi-fhir-jpaserver-base/src/main/java/ca/uhn/fhir/jpa/term/TermCodeSystemStorageSvcImpl.java
Mica2,mica-core/src/main/java/org/obiba/mica/web/model/DatasetDtos.java
Mica2,mica-core/src/main/java/org/obiba/mica/file/service/FileSystemService.java
OpenTripPlanner,src/main/java/org/opentripplanner/visualizer/GraphVisualizer.java
OpenTripPlanner,src/ext/java/org/opentripplanner/ext/siri/TimetableHelper.java
OpenTripPlanner,src/main/java/org/opentripplanner/routing/edgetype/StreetEdge.java
Openl-tablets,DEV/org.openl.core/src/org/openl/binding/impl/cast/CastFactory.java
Openl-tablets,STUDIO/org.openl.rules.webstudio/src/org/openl/rules/webstudio/web/install/InstallWizard.java
Openl-tablets,STUDIO/org.openl.rules.webstudio/src/org/openl/rules/webstudio/web/repository/RepositoryTreeState.java
Openl-tablets,STUDIO/org.openl.rules.webstudio/src/org/openl/rules/webstudio/web/ProjectBean.java
Openl-tablets,STUDIO/org.openl.rules.workspace/src/org/openl/rules/workspace/dtr/impl/MappedRepository.java
Openl-tablets,DEV/org.openl.rules/src/org/openl/rules/binding/RuleRowHelper.java
Openl-tablets,DEV/org.openl.rules/src/org/openl/rules/table/properties/def/DefaultPropertyDefinitions.java
Openl-tablets,DEV/org.openl.rules/src/org/openl/rules/data/Table.java
Openl-tablets,STUDIO/org.openl.rules.webstudio/src/org/openl/rules/ui/WebStudio.java
Openolat,/src/main/java/org/olat/course/config/CourseConfig.java
Openolat,/src/main/java/org/olat/ims/qti21/manager/QTI21ServiceImpl.java
Openolat,/src/main/java/org/olat/admin/securitygroup/gui/GroupController.java
Openolat,/src/main/java/org/olat/modules/qpool/manager/QItemQueriesDAO.java
Openolat,/src/main/java/org/olat/course/nodes/iq/QTI21EditForm.java
Openolat,/src/main/java/org/olat/ims/qti/qpool/QTIImportProcessor.java
Openolat,/src/main/java/org/olat/core/gui/components/form/flexible/impl/elements/table/FlexiTableElementImpl.java
Openolat,/src/main/java/org/olat/modules/assessment/manager/AssessmentEntryDAO.java
Openolat,/src/main/java/org/olat/ims/qti21/model/xml/ManifestMetadataBuilder.java
Openolat,/src/main/java/org/olat/course/nodes/gta/ui/GTAParticipantController.java
Openolat,/src/main/java/org/olat/resource/accesscontrol/manager/ACFrontendManager.java
Openolat,/src/main/java/org/olat/modules/portfolio/ui/PageMetadataEditController.java
Openolat,/src/main/java/org/olat/course/nodes/gta/manager/GTANotifications.java
Openolat,/src/main/java/org/olat/repository/ui/author/AuthorListController.java
Openolat,/src/main/java/org/olat/restapi/repository/CatalogWebService.java
Openolat,/src/main/java/org/olat/repository/manager/RepositoryServiceImpl.java
Openolat,/src/main/java/org/olat/group/manager/BusinessGroupServiceImpl.java
Openolat,/src/main/java/org/olat/course/nodes/cl/ui/CheckListAssessmentController.java
Openolat,/src/main/java/org/olat/ims/qti21/model/xml/interactions/MatchAssessmentItemBuilder.java
Openolat,/src/main/java/org/olat/course/nodes/STCourseNode.java
Openolat,/src/main/java/org/olat/course/assessment/ui/mode/AssessmentModeEditController.java
Openolat,/src/main/java/org/olat/core/util/i18n/ui/TranslationToolStartCrumbController.java
Openolat,/src/main/java/org/olat/modules/fo/restapi/ForumWebService.java
Openolat,/src/main/java/org/olat/core/gui/components/form/flexible/impl/Form.java
Openolat,/src/main/java/org/olat/group/BusinessGroupModule.java
Openolat,/src/main/java/org/olat/core/gui/components/form/flexible/impl/elements/richText/RichTextConfiguration.java
Openolat,/src/main/java/org/olat/basesecurity/BaseSecurityManager.java
Openolat,/src/main/java/org/olat/restapi/repository/course/CourseWebService.java
Openolat,/src/main/java/org/olat/course/nodes/iq/IQRunController.java
Openolat,/src/main/java/org/olat/modules/portfolio/ui/PublishController.java
Openolat,/src/main/java/org/olat/ims/qti/editor/QTIEditorMainController.java
Openolat,/src/main/java/org/olat/core/gui/control/generic/iframe/IFrameDeliveryMapper.java
Openolat,/src/main/java/org/olat/course/nodes/FOCourseNode.java
Openolat,/src/main/java/org/olat/course/nodes/CheckListCourseNode.java
Openolat,/src/main/java/org/olat/user/restapi/UserWebService.java
Openolat,/src/main/java/org/olat/core/util/vfs/VFSManager.java
Openolat,/src/main/java/org/olat/repository/RepositoryManager.java
Openolat,/src/main/java/de/bps/course/nodes/den/DENManager.java
Openolat,/src/main/java/org/olat/modules/fo/manager/ForumManager.java
Openolat,/src/main/java/org/olat/user/ProfileFormController.java
Openolat,/src/main/java/org/olat/modules/portfolio/ui/MediaCenterController.java
Openolat,/src/main/java/org/olat/course/run/navigation/NavigationHandler.java
Openolat,/src/main/java/org/olat/modules/coach/manager/CoachingDAO.java
Openolat,/src/main/java/org/olat/course/nodes/members/ui/group/MembersSelectorFormFragment.java
Openolat,/src/main/java/org/olat/core/util/i18n/I18nModule.java
Openolat,/src/main/java/org/olat/core/util/FileUtils.java
Openolat,/src/main/java/org/olat/admin/user/SystemRolesAndRightsController.java
Openolat,/src/main/java/org/olat/course/nodes/gta/manager/GTAManagerImpl.java
Openolat,/src/main/java/org/olat/ims/qti21/model/xml/interactions/FIBAssessmentItemBuilder.java
Openolat,/src/main/java/org/olat/ims/qti21/ui/editor/interactions/HotspotEditorController.java
Openolat,/src/main/java/org/olat/login/LoginModule.java
Openolat,/src/main/java/org/olat/core/util/mail/manager/MailManagerImpl.java
Openolat,/src/main/java/org/olat/restapi/repository/course/CoursesWebService.java
Openolat,/src/main/java/org/olat/modules/taxonomy/restapi/TaxonomyWebService.java
Presto,presto-hive/src/main/java/com/facebook/presto/hive/parquet/ParquetPageSourceFactory.java
Presto,presto-pinot-toolkit/src/main/java/com/facebook/presto/pinot/PinotConfig.java
Presto,presto-spark-base/src/main/java/com/facebook/presto/spark/PrestoSparkModule.java
Presto,presto-main/src/main/java/com/facebook/presto/sql/planner/optimizations/PruneUnreferencedOutputs.java
Presto,presto-hive/src/main/java/com/facebook/presto/hive/rule/HiveFilterPushdown.java
Presto,presto-main/src/main/java/com/facebook/presto/metadata/MetadataManager.java
Presto,presto-parquet/src/main/java/com/facebook/presto/parquet/batchreader/decoders/Decoders.java
Presto,presto-main/src/main/java/com/facebook/presto/sql/planner/ExpressionInterpreter.java
Presto,presto-main/src/main/java/com/facebook/presto/execution/SqlTaskManager.java
Presto,presto-hive/src/main/java/com/facebook/presto/hive/HiveBucketing.java
Presto,presto-main/src/main/java/com/facebook/presto/sql/planner/RelationPlanner.java
Presto,presto-hive-metastore/src/main/java/com/facebook/presto/hive/metastore/glue/GlueHiveMetastore.java
Presto,presto-main/src/main/java/com/facebook/presto/cost/ScalarStatsCalculator.java
Presto,presto-main/src/main/java/com/facebook/presto/sql/planner/optimizations/MetadataQueryOptimizer.java
Presto,presto-hive-metastore/src/main/java/com/facebook/presto/hive/metastore/Statistics.java
Presto,presto-cli/src/main/java/com/facebook/presto/cli/StatusPrinter.java
Presto,presto-hive/src/main/java/com/facebook/presto/hive/HiveCoercionRecordCursor.java
Presto,presto-jdbc/src/main/java/com/facebook/presto/jdbc/PrestoDatabaseMetaData.java
Presto,presto-orc/src/main/java/com/facebook/presto/orc/AbstractOrcRecordReader.java
Presto,presto-geospatial/src/main/java/com/facebook/presto/plugin/geospatial/BingTileFunctions.java
Presto,presto-verifier/src/main/java/com/facebook/presto/verifier/framework/AbstractVerification.java
Presto,presto-cassandra/src/main/java/com/facebook/presto/cassandra/CassandraType.java
Presto,presto-hive/src/main/java/com/facebook/presto/hive/HiveSplitManager.java
Presto,presto-orc/src/main/java/com/facebook/presto/orc/OrcWriter.java
Presto,presto-orc/src/main/java/com/facebook/presto/orc/OrcWriteValidation.java
Presto,presto-hive-metastore/src/main/java/com/facebook/presto/hive/metastore/SemiTransactionalHiveMetastore.java
Presto,presto-pinot-toolkit/src/main/java/com/facebook/presto/pinot/query/PinotQueryGeneratorContext.java
Presto,presto-main/src/main/java/com/facebook/presto/operator/scalar/DateTimeFunctions.java
Presto,presto-main/src/main/java/com/facebook/presto/SystemSessionProperties.java
Presto,presto-main/src/main/java/com/facebook/presto/util/DateTimeUtils.java
Presto,presto-hive/src/main/java/com/facebook/presto/hive/HiveWriterFactory.java
Presto,presto-main/src/main/java/com/facebook/presto/sql/planner/planPrinter/PlanPrinter.java
Presto,presto-hive/src/main/java/com/facebook/presto/hive/statistics/MetastoreHiveStatisticsProvider.java
Presto,presto-main/src/main/java/com/facebook/presto/sql/gen/PageFunctionCompiler.java
Presto,presto-hive-metastore/src/main/java/com/facebook/presto/hive/metastore/CachingHiveMetastore.java
Presto,presto-hive/src/main/java/com/facebook/presto/hive/HiveClientModule.java
Presto,presto-hive/src/main/java/com/facebook/presto/hive/HivePageSink.java
Presto,presto-main/src/main/java/com/facebook/presto/sql/analyzer/AggregationAnalyzer.java
Presto,presto-bytecode/src/main/java/com/facebook/presto/bytecode/BytecodeBlock.java
Presto,presto-jdbc/src/main/java/com/facebook/presto/jdbc/PrestoConnection.java
Presto,presto-main/src/main/java/com/facebook/presto/sql/planner/optimizations/IndexJoinOptimizer.java
Presto,presto-orc/src/main/java/com/facebook/presto/orc/StripeReader.java
Presto,presto-orc/src/main/java/com/facebook/presto/orc/OrcSelectiveRecordReader.java
Presto,presto-main/src/main/java/com/facebook/presto/operator/TaskContext.java
Presto,presto-hive/src/main/java/com/facebook/presto/hive/GenericHiveRecordCursor.java
Presto,presto-tpch/src/main/java/com/facebook/presto/tpch/TpchMetadata.java
Presto,presto-main/src/main/java/com/facebook/presto/execution/executor/TaskExecutor.java
Presto,presto-hive-metastore/src/main/java/com/facebook/presto/hive/metastore/MetastoreUtil.java
Presto,presto-hive/src/main/java/com/facebook/presto/hive/orc/OrcSelectivePageSourceFactory.java
Presto,presto-main/src/main/java/com/facebook/presto/sql/planner/EqualityInference.java
Presto,presto-main/src/main/java/com/facebook/presto/execution/SqlQueryExecution.java
Presto,presto-main/src/main/java/com/facebook/presto/util/HashCollisionsEstimator.java
Presto,presto-parser/src/main/java/com/facebook/presto/sql/parser/AstBuilder.java
Presto,presto-main/src/main/java/com/facebook/presto/sql/planner/LocalExecutionPlanner.java
Presto,presto-orc/src/main/java/com/facebook/presto/orc/reader/MapDirectSelectiveStreamReader.java
Presto,presto-main/src/main/java/com/facebook/presto/sql/planner/iterative/rule/ReorderJoins.java
Presto,presto-main/src/main/java/com/facebook/presto/operator/scalar/JsonOperators.java
Presto,presto-main/src/main/java/com/facebook/presto/sql/planner/optimizations/HashGenerationOptimizer.java
Presto,presto-main/src/main/java/com/facebook/presto/sql/planner/ExpressionDomainTranslator.java
Presto,presto-raptor/src/main/java/com/facebook/presto/raptor/RaptorMetadata.java
Presto,presto-hive/src/main/java/com/facebook/presto/hive/HiveCoercer.java
Presto,presto-base-jdbc/src/main/java/com/facebook/presto/plugin/jdbc/BaseJdbcClient.java
Presto,presto-main/src/main/java/com/facebook/presto/sql/relational/SqlToRowExpressionTranslator.java
Presto,presto-main/src/main/java/com/facebook/presto/sql/planner/Partitioning.java
Presto,presto-main/src/main/java/com/facebook/presto/execution/buffer/ArbitraryOutputBuffer.java
Presto,presto-spark-base/src/main/java/com/facebook/presto/spark/PrestoSparkQueryExecutionFactory.java
Presto,presto-main/src/main/java/com/facebook/presto/operator/Driver.java
Presto,presto-main/src/main/java/com/facebook/presto/type/DecimalCasts.java
SpongeCommon,src/main/java/org/spongepowered/common/SpongeImplHooks.java
SpongeCommon,src/main/java/org/spongepowered/common/entity/EntityUtil.java
SpongeCommon,src/main/java/org/spongepowered/common/data/util/DataUtil.java
SpongeCommon,src/main/java/org/spongepowered/common/util/Constants.java
Spring-boot,spring-boot-project/spring-boot/src/main/java/org/springframework/boot/context/config/ConfigFileApplicationListener.java
Spring-boot,spring-boot-project/spring-boot/src/main/java/org/springframework/boot/context/properties/source/ConfigurationPropertyName.java
Spring-framework,spring-orm/src/main/java/org/springframework/orm/hibernate5/HibernateTemplate.java
Spring-framework,spring-core/src/main/java/org/springframework/cglib/proxy/Enhancer.java
Spring-framework,spring-core/src/main/java/org/springframework/core/MethodParameter.java
Spring-framework,spring-core/src/main/java/org/springframework/util/AntPathMatcher.java
Spring-framework,spring-context/src/main/java/org/springframework/jmx/export/MBeanExporter.java
Spring-framework,spring-orm/src/main/java/org/springframework/orm/jpa/JpaTransactionManager.java
Spring-framework,spring-orm/src/main/java/org/springframework/orm/hibernate5/HibernateOperations.java
Spring-framework,spring-core/src/main/java/org/springframework/util/StringUtils.java
Spring-framework,spring-jdbc/src/main/java/org/springframework/jdbc/datasource/init/ScriptUtils.java
Spring-framework,spring-core/src/main/java/org/springframework/util/ObjectUtils.java
Spring-framework,spring-core/src/main/java/org/springframework/core/annotation/AnnotationUtils.java
Spring-framework,spring-beans/src/main/java/org/springframework/beans/factory/support/AbstractBeanFactory.java
Spring-framework,spring-webflux/src/main/java/org/springframework/web/reactive/function/client/DefaultWebClient.java
Spring-framework,spring-web/src/main/java/org/springframework/web/cors/CorsConfiguration.java
Spring-framework,spring-core/src/main/java/org/springframework/util/ConcurrentReferenceHashMap.java
Spring-framework,spring-beans/src/main/java/org/springframework/beans/factory/groovy/GroovyBeanDefinitionReader.java
Spring-framework,spring-core/src/main/java/org/springframework/asm/ClassWriter.java
Spring-framework,spring-context/src/main/java/org/springframework/context/annotation/ConfigurationClassParser.java
Spring-framework,spring-core/src/main/java/org/springframework/asm/SymbolTable.java
Spring-framework,spring-beans/src/main/java/org/springframework/beans/factory/support/AbstractBeanDefinition.java
Spring-framework,spring-web/src/main/java/org/springframework/http/ContentDisposition.java
Spring-framework,spring-web/src/main/java/org/springframework/http/MediaType.java
Spring-framework,spring-context/src/main/java/org/springframework/validation/DataBinder.java
Spring-framework,spring-core/src/main/java/org/springframework/core/io/buffer/DataBufferUtils.java
Spring-framework,spring-web/src/main/java/org/springframework/http/HttpHeaders.java
Spring-framework,spring-webmvc/src/main/java/org/springframework/web/servlet/function/RouterFunctions.java
Spring-framework,spring-beans/src/main/java/org/springframework/beans/factory/support/ConstructorResolver.java
Spring-framework,spring-beans/src/main/java/org/springframework/beans/factory/support/AbstractAutowireCapableBeanFactory.java
Spring-framework,spring-webmvc/src/main/java/org/springframework/web/servlet/handler/AbstractHandlerMethodMapping.java
Spring-framework,spring-webmvc/src/main/java/org/springframework/web/servlet/mvc/method/annotation/RequestMappingHandlerAdapter.java
Spring-framework,spring-web/src/main/java/org/springframework/web/client/RestTemplate.java
Spring-framework,spring-core/src/main/java/org/springframework/core/annotation/AnnotatedElementUtils.java
Spring-framework,spring-webmvc/src/main/java/org/springframework/web/servlet/mvc/method/RequestMappingInfo.java
Spring-framework,spring-tx/src/main/java/org/springframework/transaction/reactive/AbstractReactiveTransactionManager.java
Spring-framework,spring-core/src/main/java/org/springframework/asm/MethodWriter.java
Spring-framework,spring-core/src/main/java/org/springframework/util/ReflectionUtils.java
Spring-integration,spring-integration-http/src/main/java/org/springframework/integration/http/support/DefaultHttpHeaderMapper.java
Spring-integration,spring-integration-core/src/main/java/org/springframework/integration/dsl/HeaderEnricherSpec.java
Spring-integration,spring-integration-jms/src/main/java/org/springframework/integration/jms/JmsOutboundGateway.java
Spring-integration,spring-integration-mongodb/src/main/java/org/springframework/integration/mongodb/store/MongoDbMessageStore.java
Stratosphere,stratosphere-java/src/main/java/eu/stratosphere/api/java/tuple/TupleGenerator.java
Stratosphere,stratosphere-runtime/src/main/java/eu/stratosphere/nephele/taskmanager/TaskManager.java
Stratosphere,stratosphere-runtime/src/main/java/eu/stratosphere/nephele/executiongraph/ExecutionGroupVertex.java
Stratosphere,stratosphere-core/src/main/java/eu/stratosphere/api/common/io/FileInputFormat.java
Stratosphere,stratosphere-runtime/src/main/java/eu/stratosphere/nephele/instance/cluster/ClusterManager.java
Stratosphere,stratosphere-clients/src/main/java/eu/stratosphere/client/CliFrontend.java
Stratosphere,stratosphere-runtime/src/main/java/eu/stratosphere/nephele/services/memorymanager/UnsafeMemorySegment.java
Stratosphere,stratosphere-core/src/main/java/eu/stratosphere/types/Record.java
Stratosphere,stratosphere-runtime/src/main/java/eu/stratosphere/pact/runtime/task/RegularPactTask.java
Structr,structr-ui/src/main/java/org/structr/web/entity/dom/DOMNode.java
Structr,structr-ui/src/main/java/org/structr/web/maintenance/DeployDataCommand.java
Structr,structr-core/src/main/java/org/structr/core/graph/SyncCommand.java
Structr,structr-core/src/main/java/org/structr/schema/SchemaHelper.java
Structr,structr-ui/src/main/java/org/structr/web/entity/dom/Content.java
Structr,structr-modules/structr-advanced-mail-module/src/main/java/org/structr/mail/service/MailService.java
Structr,structr-ui/src/main/java/org/structr/web/common/ImageHelper.java
Structr,structr-ui/src/main/java/org/structr/web/entity/dom/Page.java
Structr,structr-rest/src/main/java/org/structr/rest/servlet/JsonRestServlet.java
Structr,structr-ui/src/main/java/org/structr/web/common/FileHelper.java
Structr,structr-core/src/main/java/org/structr/core/Services.java
Structr,structr-rest/src/main/java/org/structr/rest/service/HttpService.java
Structr,structr-core/src/main/java/org/structr/schema/export/StructrTypeDefinition.java
Structr,structr-core/src/main/java/org/structr/core/entity/SchemaRelationshipNode.java
Vert.x,src/main/java/io/vertx/core/impl/VertxImpl.java
Vert.x,src/main/java/io/vertx/core/json/JsonObject.java
Vert.x,src/main/java/io/vertx/core/http/impl/Http1xClientConnection.java
Vespa,config-model/src/main/java/com/yahoo/vespa/model/ml/ConvertedModel.java
Vespa,container-search/src/main/java/com/yahoo/search/result/HitGroup.java
Vespa,container-search/src/main/java/com/yahoo/search/yql/YqlParser.java
Vespa,config-model/src/main/java/com/yahoo/vespa/model/container/xml/ContainerModelBuilder.java
Vespa,controller-server/src/main/java/com/yahoo/vespa/hosted/controller/persistence/CuratorDb.java
Vespa,configgen/src/main/java/com/yahoo/config/codegen/CppClassBuilder.java
Vespa,container-search/src/main/java/com/yahoo/search/federation/FederationSearcher.java
Vespa,container-search/src/main/java/com/yahoo/search/yql/VespaSerializer.java
Vespa,container-search/src/main/java/com/yahoo/search/query/profile/QueryProfile.java
Vespa,controller-server/src/main/java/com/yahoo/vespa/hosted/controller/deployment/InternalStepRunner.java
Vespa,container-search/src/main/java/com/yahoo/search/query/rewrite/RewriterFeatures.java
Vespa,clustercontroller-core/src/main/java/com/yahoo/vespa/clustercontroller/core/FleetController.java
Vespa,messagebus/src/main/java/com/yahoo/messagebus/routing/RoutingNode.java
Webanno,webanno-project/src/main/java/de/tudarmstadt/ukp/clarin/webanno/project/ProjectServiceImpl.java
Webanno,webanno-ui-annotation/src/main/java/de/tudarmstadt/ukp/clarin/webanno/ui/annotation/detail/AnnotationDetailEditorPanel.java
Webanno,webanno-api-dao/src/main/java/de/tudarmstadt/ukp/clarin/webanno/api/dao/AnnotationSchemaServiceImpl.java
Webanno,webanno-ui-annotation/src/main/java/de/tudarmstadt/ukp/clarin/webanno/ui/annotation/AnnotationPage.java
Webanno,webanno-io-tsv/src/main/java/de/tudarmstadt/ukp/clarin/webanno/tsv/WebannoTsv3Writer.java
Webanno,webanno-curation/src/main/java/de/tudarmstadt/ukp/clarin/webanno/curation/casmerge/CasMerge.java
Webanno,webanno-io-tsv/src/main/java/de/tudarmstadt/ukp/clarin/webanno/tsv/WebannoTsv3Reader.java
WorldGrower,src/org/worldgrower/conversation/Conversations.java
WorldGrower,src/org/worldgrower/goal/GroupPropertyUtils.java
WorldGrower,src/org/worldgrower/actions/Actions.java
WorldGrower,src/org/worldgrower/generator/Item.java
XChange,xchange-bitfinex/src/main/java/org/knowm/xchange/bitfinex/service/BitfinexAdapters.java
XChange,xchange-okcoin/src/main/java/org/knowm/xchange/okcoin/OkexV3.java
Xp,modules/core/core-security/src/main/java/com/enonic/xp/core/impl/security/SecurityServiceImpl.java
